{
    "0": {
        "fx": 683.3961351293111,
        "fy": 687.463802172407,
        "cx": 565.1069170486699,
        "cy": 457.9766262090044,
        "k1": -0.0,
        "k2": 0.0,
        "p1": 0.0,
        "p2": -0.0,
        "k3": -0.0,
        "rvec": [
            1.4403420686721802,
            -1.8241755962371826,
            0.7915500402450562
        ],
        "tvec": [
            711.4929809570312,
            247.07598876953125,
            2953.798828125
        ]
    },
    "1": {
        "fx": 679.5688196484283,
        "fy": 681.1969435131653,
        "cx": 585.4300975017399,
        "cy": 457.1829776494218,
        "k1": -0.0,
        "k2": 0.0,
        "p1": 0.0,
        "p2": -0.0,
        "k3": -0.0,
        "rvec": [
            1.6764014959335327,
            -1.3593426942825317,
            0.5159294009208679
        ],
        "tvec": [
            740.9300537109375,
            335.9311828613281,
            2843.566650390625
        ]
    },
    "2": {
        "fx": 669.6672713980348,
        "fy": 669.8719689034341,
        "cx": 586.1307558897022,
        "cy": 444.60992624785314,
        "k1": -0.0,
        "k2": 0.0,
        "p1": 0.0,
        "p2": -0.0,
        "k3": -0.0,
        "rvec": [
            1.8242864608764648,
            -0.99312424659729,
            0.33560627698898315
        ],
        "tvec": [
            731.04296875,
            436.03912353515625,
            2632.27587890625
        ]
    },
    "3": {
        "fx": 635.2327062760544,
        "fy": 636.0893478766316,
        "cx": 636.676544332904,
        "cy": 410.61601510549286,
        "k1": -0.0,
        "k2": 0.0,
        "p1": 0.0,
        "p2": -0.0,
        "k3": -0.0,
        "rvec": [
            1.8884462118148804,
            -0.6355194449424744,
            0.060106683522462845
        ],
        "tvec": [
            751.0781860351562,
            434.386962890625,
            2379.7568359375
        ]
    },
    "4": {
        "fx": 666.8290764424838,
        "fy": 658.8667679527595,
        "cx": 585.4642113883024,
        "cy": 419.1431761046218,
        "k1": -0.0,
        "k2": -0.0,
        "p1": 0.0,
        "p2": -0.0,
        "k3": 0.0,
        "rvec": [
            1.851961374282837,
            -0.22169053554534912,
            -0.24218709766864777
        ],
        "tvec": [
            779.6729736328125,
            552.6150512695312,
            2185.90283203125
        ]
    },
    "5": {
        "fx": 630.2557365865318,
        "fy": 630.0316474630622,
        "cx": 665.4813529555315,
        "cy": 362.39107119889417,
        "k1": -0.0,
        "k2": 0.0,
        "p1": -0.0,
        "p2": -0.0,
        "k3": -0.0,
        "rvec": [
            1.821992039680481,
            0.16510607302188873,
            -0.4800010621547699
        ],
        "tvec": [
            494.1189270019531,
            579.6370849609375,
            1980.31201171875
        ]
    },
    "6": {
        "fx": 963.1320516342837,
        "fy": 980.5023747481773,
        "cx": 448.3227320721652,
        "cy": 632.2124250873085,
        "k1": -0.0,
        "k2": 0.0,
        "p1": 0.0,
        "p2": -0.0,
        "k3": -0.0,
        "rvec": [
            1.6772050857543945,
            0.6558932065963745,
            -0.6790679097175598
        ],
        "tvec": [
            198.4808349609375,
            643.1283569335938,
            2029.7669677734375
        ]
    },
    "7": {
        "fx": 948.8756720238345,
        "fy": 926.9054913629514,
        "cx": 458.88309558781793,
        "cy": 625.8137222297322,
        "k1": -0.0,
        "k2": 0.0,
        "p1": 0.0,
        "p2": -0.0,
        "k3": -0.0,
        "rvec": [
            1.5462775230407715,
            1.0926488637924194,
            -0.7181474566459656
        ],
        "tvec": [
            -659.8016967773438,
            499.23577880859375,
            2398.0068359375
        ]
    },
    "8": {
        "fx": 645.8333170909607,
        "fy": 637.4246966769583,
        "cx": 601.4253462332382,
        "cy": 397.0070019716569,
        "k1": -0.0,
        "k2": -0.0,
        "p1": 0.0,
        "p2": -0.0,
        "k3": 0.0,
        "rvec": [
            1.407935380935669,
            1.5184763669967651,
            -0.8629326224327087
        ],
        "tvec": [
            -636.4898681640625,
            183.62503051757812,
            2872.574462890625
        ]
    },
    "9": {
        "fx": 799.5057004060164,
        "fy": 838.6282855598922,
        "cx": 493.76556435424664,
        "cy": 561.3933165427031,
        "k1": -0.0,
        "k2": 0.0,
        "p1": 0.0,
        "p2": -0.0,
        "k3": -0.0,
        "rvec": [
            1.1770342588424683,
            1.953528881072998,
            -1.0380913019180298
        ],
        "tvec": [
            -406.26123046875,
            -51.74095916748047,
            3210.5341796875
        ]
    },
    "10": {
        "fx": 657.3700943746443,
        "fy": 658.3901263102366,
        "cx": 622.0744591252608,
        "cy": 405.6499150296455,
        "k1": -0.0,
        "k2": 0.0,
        "p1": 0.0,
        "p2": -0.0,
        "k3": -0.0,
        "rvec": [
            0.8302527666091919,
            2.4037954807281494,
            -1.1218078136444092
        ],
        "tvec": [
            19.942882537841797,
            -425.4127197265625,
            3377.666015625
        ]
    },
    "11": {
        "fx": 684.2078149503841,
        "fy": 694.2203339962208,
        "cx": 588.5845431227305,
        "cy": 461.9243971607159,
        "k1": -0.0,
        "k2": -0.0,
        "p1": 0.0,
        "p2": -0.0,
        "k3": 0.0,
        "rvec": [
            0.46881115436553955,
            2.680408239364624,
            -1.3179917335510254
        ],
        "tvec": [
            471.21826171875,
            -340.7877502441406,
            3387.2451171875
        ]
    },
    "12": {
        "fx": 716.0521151207838,
        "fy": 726.5921490476011,
        "cx": 521.326997081452,
        "cy": 518.0998663435121,
        "k1": -0.0,
        "k2": 0.0,
        "p1": 0.0,
        "p2": -0.0,
        "k3": -0.0,
        "rvec": [
            0.06623990088701248,
            -2.671442985534668,
            1.3462438583374023
        ],
        "tvec": [
            981.6680908203125,
            -217.62867736816406,
            3283.264404296875
        ]
    },
    "13": {
        "fx": 689.6370975867618,
        "fy": 683.7743304553203,
        "cx": 556.5900569463424,
        "cy": 474.5485377587863,
        "k1": -0.0,
        "k2": 0.0,
        "p1": 0.0,
        "p2": -0.0,
        "k3": -0.0,
        "rvec": [
            0.5823132991790771,
            -2.4054813385009766,
            1.2315666675567627
        ],
        "tvec": [
            1071.996337890625,
            -67.36890411376953,
            3113.566162109375
        ]
    },
    "14": {
        "fx": 644.7553932396683,
        "fy": 636.2528125885557,
        "cx": 591.6580007164272,
        "cy": 383.1362401453984,
        "k1": -0.0,
        "k2": 0.0,
        "p1": 0.0,
        "p2": -0.0,
        "k3": -0.0,
        "rvec": [
            0.8489345908164978,
            -2.142587661743164,
            1.0710605382919312
        ],
        "tvec": [
            1128.1749267578125,
            30.786285400390625,
            2716.065185546875
        ]
    },
    "15": {
        "fx": 658.5507292622979,
        "fy": 659.4618156320794,
        "cx": 598.1134721448296,
        "cy": 445.5368623653468,
        "k1": -0.0,
        "k2": 0.0,
        "p1": 0.0,
        "p2": -0.0,
        "k3": -0.0,
        "rvec": [
            1.1522796154022217,
            -1.7981791496276855,
            0.9107394218444824
        ],
        "tvec": [
            1118.5416259765625,
            215.5136260986328,
            2319.325439453125
        ]
    }
}