{
    "0": {
        "fx": 633.6406654704707,
        "fy": 633.5768025390727,
        "cx": 650.831376094552,
        "cy": 365.3818133242498,
        "k1": -0.06141668844602676,
        "k2": 0.08448721124646738,
        "p1": 0.000025616494085798745,
        "p2": 0.0009159255685160858,
        "k3": -0.07179428036314734,
        "rvec": [
            1.4100769960661317,
            -1.608729892559123,
            1.0955384173601349
        ],
        "tvec": [
            255.13939104124825,
            693.8776238761453,
            2420.2337077851418
        ]
    },
    "1": {
        "fx": 631.3202103006366,
        "fy": 631.2494434248916,
        "cx": 673.6477900829196,
        "cy": 366.9323363720374,
        "k1": -0.05919668120778952,
        "k2": 0.07675227745037805,
        "p1": 0.00011509972492117344,
        "p2": -0.00032329425015592555,
        "k3": -0.06800598992929817,
        "rvec": [
            1.6411227491447465,
            -1.19398234478591,
            0.8290589954618357
        ],
        "tvec": [
            69.39682940004286,
            757.369509376733,
            2406.5924810245098
        ]
    },
    "2": {
        "fx": 632.2324541616179,
        "fy": 632.1390266610974,
        "cx": 662.1392231898126,
        "cy": 363.4510900905476,
        "k1": -0.05452920678717929,
        "k2": 0.055994864245585498,
        "p1": -0.0002750592636053896,
        "p2": -0.0004502123262260197,
        "k3": -0.046225365138587968,
        "rvec": [
            1.8154794525559668,
            -0.861708898825403,
            0.6210641125073666
        ],
        "tvec": [
            0.6058856068202658,
            741.2307143657583,
            2346.6661704585565
        ]
    },
    "3": {
        "fx": 632.6068475071153,
        "fy": 632.5456530300644,
        "cx": 676.4195945203265,
        "cy": 366.3613078986116,
        "k1": -0.07068598942838378,
        "k2": 0.13377142406100676,
        "p1": -0.00037304376517063187,
        "p2": -0.0002415717162841459,
        "k3": -0.147195916015714,
        "rvec": [
            1.922319227162406,
            -0.524603387489697,
            0.3403142515114302
        ],
        "tvec": [
            -38.41428338823079,
            671.9213865237742,
            2353.84735950204
        ]
    },
    "4": {
        "fx": 631.6939637431372,
        "fy": 631.6378997077172,
        "cx": 674.2947583423656,
        "cy": 352.46843538477858,
        "k1": -0.08170421940751446,
        "k2": 0.1994490667430047,
        "p1": 0.0002177222919833275,
        "p2": -0.0001566783555061277,
        "k3": -0.2520694788816859,
        "rvec": [
            1.9307659491662193,
            -0.15466070991025794,
            0.04506164707697072
        ],
        "tvec": [
            -17.466828137525256,
            728.922931815963,
            2457.832933408584
        ]
    },
    "5": {
        "fx": 632.1610160108676,
        "fy": 632.0154656553234,
        "cx": 666.3110811251039,
        "cy": 363.2554565735927,
        "k1": -0.07034929122632214,
        "k2": 0.1323360683966814,
        "p1": -0.0006124659403959294,
        "p2": -0.00022471075665826695,
        "k3": -0.14462103790781445,
        "rvec": [
            1.9590993985627876,
            0.21540469559207177,
            -0.2150175761811168
        ],
        "tvec": [
            -162.8808972826124,
            630.0019513631989,
            2533.0169530410009
        ]
    },
    "6": {
        "fx": 633.4199478166042,
        "fy": 633.4021558320222,
        "cx": 659.3985629027517,
        "cy": 356.69529687596528,
        "k1": -0.0877013393358684,
        "k2": 0.23649390000831506,
        "p1": -0.0003008257624514418,
        "p2": -0.0001031344767678377,
        "k3": -0.32274507896515938,
        "rvec": [
            1.86692720188133,
            0.6052019569409487,
            -0.4799104562066299
        ],
        "tvec": [
            -208.11738737877324,
            673.9886630368005,
            2666.091968426844
        ]
    },
    "7": {
        "fx": 632.8341564218192,
        "fy": 632.7695682673551,
        "cx": 666.752301807111,
        "cy": 367.9150430842737,
        "k1": -0.07146048966953868,
        "k2": 0.11936746510986664,
        "p1": -0.0004170082515257155,
        "p2": -0.001024092185053552,
        "k3": -0.12212115398572993,
        "rvec": [
            1.7835760546905764,
            0.9899483027238992,
            -0.6717716105629069
        ],
        "tvec": [
            -309.4748140344188,
            513.2136133651711,
            2718.2521069811189
        ]
    },
    "8": {
        "fx": 632.5763501923542,
        "fy": 632.5031364007153,
        "cx": 675.119664531993,
        "cy": 364.7094939948666,
        "k1": -0.07450239279564493,
        "k2": 0.150999724343302,
        "p1": -0.0004213399764855578,
        "p2": -0.00015573405853239896,
        "k3": -0.16862889752501654,
        "rvec": [
            1.5867251754174017,
            1.3111157441469764,
            -0.9351461317899472
        ],
        "tvec": [
            -288.299016386717,
            595.473484820797,
            2818.505001332875
        ]
    },
    "9": {
        "fx": 634.9215158388515,
        "fy": 634.7524797797836,
        "cx": 665.445073787346,
        "cy": 367.6578624694421,
        "k1": -0.058961366983858027,
        "k2": 0.08039247888544542,
        "p1": -0.00019656448894859243,
        "p2": 0.00068451322509475,
        "k3": -0.07105743221948598,
        "rvec": [
            1.3498633947816273,
            1.6862125329985789,
            -1.186803364629039
        ],
        "tvec": [
            -128.3509775130057,
            537.5577763275961,
            2878.360421917997
        ]
    },
    "10": {
        "fx": 631.9182421449746,
        "fy": 631.8747098119085,
        "cx": 678.850696945215,
        "cy": 358.2681667961965,
        "k1": -0.05534563888184051,
        "k2": 0.048774702659213849,
        "p1": -0.0002343467983412452,
        "p2": -0.0001715209616551605,
        "k3": -0.035805198012974426,
        "rvec": [
            1.0130207617085124,
            2.0257665931830357,
            -1.359120459875487
        ],
        "tvec": [
            -53.81210392770629,
            488.3619313096689,
            2905.180265938975
        ]
    },
    "11": {
        "fx": 633.822465498662,
        "fy": 633.7887893754822,
        "cx": 666.0684818934083,
        "cy": 349.0403406318722,
        "k1": -0.0668770528985085,
        "k2": 0.1098272722949452,
        "p1": -0.0003956227097434646,
        "p2": 0.0004069028933124048,
        "k3": -0.10794650720469774,
        "rvec": [
            0.6716045503281062,
            2.284462562306267,
            -1.6011004321805878
        ],
        "tvec": [
            232.3019621668841,
            577.4030515226841,
            2859.9099394204397
        ]
    },
    "12": {
        "fx": 632.6804183054608,
        "fy": 632.5854017238582,
        "cx": 653.7040321098198,
        "cy": 351.5200305828565,
        "k1": -0.07554399742478382,
        "k2": 0.1629291825799607,
        "p1": -0.0006903007250171642,
        "p2": 0.00004182644153206164,
        "k3": -0.19502905334833565,
        "rvec": [
            0.20572571074752153,
            2.5167267665938177,
            -1.7432064239959276
        ],
        "tvec": [
            347.0343074551861,
            599.0227150485142,
            2811.0268924270528
        ]
    },
    "13": {
        "fx": 632.7305943156888,
        "fy": 632.6164955495499,
        "cx": 660.915318527313,
        "cy": 355.3162971942983,
        "k1": -0.062225368708888308,
        "k2": 0.0859887787353074,
        "p1": -0.0008143370511002794,
        "p2": 0.00016748299760347725,
        "k3": -0.07592620481292145,
        "rvec": [
            0.3115609744458913,
            -2.436754672408093,
            1.724557882386066
        ],